target_index,property,group,ref_mean,ref_std,group_mean,group_std,wasserstein,kl_divergence,overlap,ks_stat,ks_p,log_wasserstein
0,mu,10_11,3.2739186195637253,1.609808306517649,3.238181700928957,1.5235874620639147,0.07810136616761079,0.18590027192530503,0.9342447917063306,0.018880208333333336,0.9472342776175303,0.07520149976147446
0,mu,12_13,3.2739186195637253,1.609808306517649,3.4953317076032278,1.667770954820233,0.26197102928937,0.12907717187579726,0.8977864583730104,0.07161458333333337,0.0007551198709524073,0.23267480766643533
0,mu,17_18,3.2739186195637253,1.609808306517649,2.8303837905072364,1.398528343170103,0.4435348290564889,0.23369294889621292,0.8736979167063523,0.12825520833333337,2.001445034558607e-11,0.36709484802962616
0,mu,19_20,3.2739186195637253,1.609808306517649,2.471633594610575,1.3532189924876687,0.8120955718102648,0.5687162498611411,0.7623697917062486,0.24088541666666669,1.6713678975720775e-39,0.5944839500545305
0,mu,21_22,3.2739186195637253,1.609808306517649,1.955598764541828,1.0259003487495186,1.3183198550218975,1.6179242808135965,0.5924479167064536,0.4140625,2.870023051569215e-118,0.8408427228968224
0,mu,22_23,3.2739186195637253,1.609808306517649,1.6851904962026794,1.1429335011856363,1.5909122387112924,2.3647552388811492,0.5429687500397892,0.46419270833333326,8.895668394376804e-150,0.9520100294166969
0,mu,23_24,3.2739186195637253,1.609808306517649,1.4583973952764306,0.8685351264846757,1.8155305992871342,3.854230986228165,0.4589843750398348,0.5540364583333334,3.914513719655836e-217,1.0351507338073174
0,mu,25_26,3.2739186195637253,1.609808306517649,0.9783848302811199,0.7447564020007158,2.295533789282605,10.312300009713065,0.30664062503988954,0.7024739583333334,0.0,1.1925681546162004
1,alpha,10_11,70.39345055570205,5.826804170438497,56.57645180200537,8.973585769399595,13.87719405069947,1.5283333029726274,0.27994791670605085,0.7213541666666666,0.0,2.699829439761442
1,alpha,12_13,70.39345055570205,5.826804170438497,64.19348960121472,8.271000378438039,6.434453157087166,0.5205869199655572,0.573567708371829,0.44986979166666663,2.382829733373877e-140,2.006125027387045
1,alpha,17_18,70.39345055570205,5.826804170438497,74.20028637101252,5.141886602634389,3.8068358153104778,0.7630117885475205,0.684244791705883,0.3190104166666667,1.723833797553146e-69,1.5700390329947282
1,alpha,19_20,70.39345055570205,5.826804170438497,77.99255859355132,4.462584917155679,7.599108037849265,3.1477063508660934,0.4199218750391638,0.5944010416666666,2.4540523739691776e-252,2.1516584813513755
1,alpha,21_22,70.39345055570205,5.826804170438497,81.91341149310271,3.9059829485633726,11.519960937400661,11.01612005303669,0.20638020837307985,0.7975260416666666,0.0,2.5273242456511635
1,alpha,22_23,70.39345055570205,5.826804170438497,84.93915357192357,3.724675495762002,14.545703016221522,18.40911036940565,0.112630208373204,0.888671875,0.0,2.7437842670761845
1,alpha,23_24,70.39345055570205,5.826804170438497,86.06202482183774,3.319227185431735,15.668574266135693,21.775792826959346,0.06966145837325331,0.9329427083333333,0.0,2.8135251661785934
1,alpha,25_26,70.39345055570205,5.826804170438497,90.46342447896798,2.9056151999202773,20.069973923265934,24.2366334286716,0.01692708337331299,0.984375,0.0,3.047848990191503
2,homo,10_11,-6.543796164294084,0.665432057445097,-7.327220110843579,0.7276032632100967,0.783423946549495,0.8536428898667792,0.5664062500399076,0.44401041666666663,1.3639336375896332e-136,0.5785350820982122
2,homo,12_13,-6.543796164294084,0.665432057445097,-6.882290916517377,0.7340111662305039,0.33849475222329295,0.20535366399866492,0.776041666706557,0.22395833333333334,3.69796868881009e-34,0.29154566333053433
2,homo,17_18,-6.543796164294084,0.665432057445097,-6.476781038567424,0.5593871385310708,0.12338663078844544,0.17214769781017933,0.8372395833732219,0.12109375,3.1505390285967227e-10,0.1163479003763818
2,homo,19_20,-6.543796164294084,0.665432057445097,-6.458406283520162,0.5180499618353683,0.18200802399466437,0.23697482307719275,0.7571614583732286,0.173828125,1.1179231935718779e-20,0.16721470745042852
2,homo,21_22,-6.543796164294084,0.665432057445097,-6.479479149604837,0.41924811763458203,0.23165995193024483,0.6228375249471666,0.7031250000399064,0.20572916666666669,7.484117735466195e-29,0.20836281396908482
2,homo,22_23,-6.543796164294084,0.665432057445097,-6.52243097530057,0.44401068347367195,0.2044751504436135,0.8762548121621021,0.744140625039901,0.15755208333333334,4.77182756753468e-17,0.18604391226106576
2,homo,23_24,-6.543796164294084,0.665432057445097,-6.577888342551887,0.3758614106603416,0.24086328937361637,1.475075488171564,0.7044270833732396,0.14973958333333331,1.960667120585199e-15,0.21580733848913267
2,homo,25_26,-6.543796164294084,0.665432057445097,-6.78185682091862,0.37641457370378006,0.27220598639299476,2.3804977957598648,0.6653645833732449,0.25065104166666663,9.019156594195035e-43,0.2407523907954313
3,lumo,10_11,-0.3321348056762569,0.9699294287209754,-1.6688232712782944,1.2573999290883309,1.3378895932578418,0.7471524783952728,0.48567708337324383,0.513671875,4.5444575501472404e-185,0.8492486392050973
3,lumo,12_13,-0.3321348056762569,0.9699294287209754,-1.2098206916402887,1.1201356154065685,0.8788444953294552,0.3922743019448661,0.632812500039897,0.3671875,1.7953836042878067e-92,0.6306569577354121
3,lumo,17_18,-0.3321348056762569,0.9699294287209754,0.16115305378783282,1.0069930862434269,0.4934331284010416,0.17132717858426866,0.7773437500398857,0.22721354166666663,3.727739155809555e-35,0.4010775825802249
3,lumo,19_20,-0.3321348056762569,0.9699294287209754,0.7417919407119674,1.0395468463371522,1.073926746388224,1.0131445041449318,0.5585937500399177,0.44856770833333337,1.6484835370719895e-139,0.7294437892164658
3,lumo,21_22,-0.3321348056762569,0.9699294287209754,1.2575539982487196,0.9735146210852391,1.5896888039249766,2.798947432826158,0.397135416706607,0.60546875,1.4476023148425603e-262,0.951537715567786
3,lumo,22_23,-0.3321348056762569,0.9699294287209754,1.5376824591427674,0.8459679950060204,1.869817264819024,5.903857191981393,0.2864583333732906,0.7161458333333334,0.0,1.0542483569496937
3,lumo,23_24,-0.3321348056762569,0.9699294287209754,1.6600043688034323,0.7991141886022188,1.9921391744796892,7.649967849917072,0.26106770837329485,0.7356770833333334,0.0,1.0959885745650724
3,lumo,25_26,-0.3321348056762569,0.9699294287209754,1.9132421032894247,0.5872017627088992,2.2454017107067252,15.38620189144524,0.14778645837331134,0.837890625,0.0,1.1772391362405341
4,gap,10_11,6.211679076931129,1.0423476952820383,5.658384445899476,1.1207812479508448,0.5735685328642529,0.21461763949414056,0.7356770833731437,0.26888020833333337,3.1002422888360434e-49,0.4533459909839337
4,gap,12_13,6.211679076931129,1.0423476952820383,5.672413550162067,1.0799922337739871,0.5527613833546638,0.1961991859367099,0.7734375000398366,0.22330729166666669,5.827477900220426e-34,0.4400348835234082
4,gap,17_18,6.211679076931129,1.0423476952820383,6.637955348007381,1.0543588342307735,0.4262762710762521,0.13960728664728594,0.8372395833731763,0.16276041666666674,3.601719596156647e-18,0.3550670417098732
4,gap,19_20,6.211679076931129,1.0423476952820383,7.2001999884378165,1.0961127940872382,0.9900763538510848,0.6320019276906889,0.6614583333731665,0.33984375,5.350930462572075e-79,0.688173006769728
4,gap,21_22,6.211679076931129,1.0423476952820383,7.736999495265384,1.038617162312702,1.5253204183342561,1.8963038133760715,0.4778645833732403,0.5266927083333334,4.414546326055935e-195,0.926367953026609
4,gap,22_23,6.211679076931129,1.0423476952820383,8.060099279197553,0.9726008634506131,1.8484202022664251,3.354638793580694,0.37630208337325666,0.6256510416666667,6.911166810825342e-282,1.0467645255969684
4,gap,23_24,6.211679076931129,1.0423476952820383,8.237903354068598,0.9282217407791723,2.0262242771374677,5.913973123314382,0.31184895837326987,0.6875,0.0,1.107315729320737
4,gap,25_26,6.211679076931129,1.0423476952820383,8.695061718734602,0.793396269994211,2.4833826418034737,13.561448204518884,0.16601562503996617,0.8372395833333334,0.0,1.2480038451841886
5,r2,10_11,1093.6889059940975,222.9741067774143,868.8910729487737,262.799382737351,224.7978330453237,0.851499578451404,0.5813802083412685,0.4166666666666667,8.366020942916226e-120,5.419640054881752
5,r2,12_13,1093.6889059940975,222.9741067774143,1010.3269263704618,248.7569516054217,86.21315207084024,0.25596969574264417,0.8326822916545376,0.16145833333333337,6.926840122283123e-18,4.468355146042223
5,r2,17_18,1093.6889059940975,222.9741067774143,1147.4717748562496,237.512058233511,53.7828688621521,0.3444318137929697,0.8997395833252329,0.095703125,1.5270585698226976e-06,4.003377533076128
5,r2,19_20,1093.6889059940975,222.9741067774143,1232.0884494781494,260.5626344448883,138.39954348405206,0.7282896685400877,0.7552083333312918,0.2513020833333333,5.40117026010327e-43,4.937344223457733
5,r2,21_22,1093.6889059940975,222.9741067774143,1307.3769931793213,263.263985257905,213.68808718522396,1.994435145123154,0.6289062500051376,0.37239583333333337,3.61206162111178e-95,5.369186217482385
5,r2,22_23,1093.6889059940975,222.9741067774143,1403.230186899503,298.2343482077605,309.5412809054057,2.976029305127465,0.48502604167683616,0.5338541666666667,1.0115208299246137e-200,5.738316842312359
5,r2,23_24,1093.6889059940975,222.9741067774143,1421.3198688030243,299.0747967519071,327.63096280892694,6.5083343535051625,0.46484375001141076,0.5520833333333334,1.6399090789569032e-215,5.794935427606396
5,r2,25_26,1093.6889059940975,222.9741067774143,1577.1185829639435,331.58929194554753,483.429676969846,11.90322925528889,0.2812500000211924,0.7298177083333334,0.0,6.1829722752231095
6,zpve,10_11,3.3050473602488637,0.18305754696234192,1.8870333513089765,0.2332168920894998,1.4180140089398872,25.396200107556623,4e-11,1.0,0.0,0.8829465457820576
6,zpve,12_13,3.3050473602488637,0.18305754696234192,2.4297360725079975,0.20437049463729717,0.8753112877408663,20.203360408390793,0.01692708337333248,0.984375,0.0,0.6287746657710198
6,zpve,17_18,3.3050473602488637,0.18305754696234192,3.8916391090800366,0.17805913757424596,0.5865917488311728,22.563070311673105,0.06510416670666438,0.939453125,0.0,0.4615881613372451
6,zpve,19_20,3.3050473602488637,0.18305754696234192,4.474932224179308,0.17803799311462087,1.169884863930444,25.119144871765663,4e-11,1.0,0.0,0.774674108048168
6,zpve,21_22,3.3050473602488637,0.18305754696234192,5.043092441434662,0.15478519061465412,1.738045081185798,25.380658784319884,4e-11,1.0,0.0,1.0072441917364803
6,zpve,22_23,3.3050473602488637,0.18305754696234192,5.469944601257642,0.15679040939526664,2.164897241008779,25.467463158227975,4e-11,1.0,0.0,1.152120587773261
6,zpve,23_24,3.3050473602488637,0.18305754696234192,5.61445629534622,0.11203225537465301,2.3094089350973555,25.536807561279463,4e-11,1.0,0.0,1.1967696039865554
6,zpve,25_26,3.3050473602488637,0.18305754696234192,6.206077053832511,0.07606428883303906,2.901029693583645,25.669054922052254,4e-11,1.0,0.0,1.3612405422832057
7,u0,10_11,-11404.15722878774,1159.007662604261,-11273.991991519928,2163.5796491707993,817.2817991574607,0.4394053749063244,0.648437499777305,0.18033854166666663,3.121831409002275e-22,6.707206775024529
7,u0,12_13,-11404.15722878774,1159.007662604261,-11516.200881640116,1597.101207998972,397.56079864501953,0.5338088695221213,0.6562499998327103,0.171875,3.185956266219126e-20,5.987860055338186
7,u0,17_18,-11404.15722878774,1159.007662604261,-11253.956461588541,997.1937944745721,223.29999192555738,1.1266591142723168,0.6822916665437777,0.16080729166666663,9.586875700661824e-18,5.412984405527755
7,u0,19_20,-11404.15722878774,1159.007662604261,-11107.450029691061,907.3482688669162,377.8345756530762,4.386956045076507,0.36783854161884966,0.32421875,8.322882627971922e-72,5.937099633949712
7,u0,21_22,-11404.15722878774,1159.007662604261,-10880.18234952291,843.6975287651504,586.3978929519654,10.498316275220395,0.19921874999243908,0.42643229166666663,1.1673246717568018e-125,6.375702431682781
7,u0,22_23,-11404.15722878774,1159.007662604261,-10663.786643981934,814.2703401147227,789.8281888961793,12.275856767940208,0.13281250000829262,0.4544270833333333,2.59880267201181e-143,6.673080736710953
7,u0,23_24,-11404.15722878774,1159.007662604261,-10649.135705947876,756.6699663629539,841.7223037083944,20.095288683422922,0.07812500002134845,0.49609374999999994,4.8788270341926904e-172,6.736637489389491
7,u0,25_26,-11404.15722878774,1159.007662604261,-10358.288728078207,692.5146526914396,1144.8568296432495,23.672447538824766,0.05338541669392135,0.650390625,8.588075088114212e-307,7.043907958966947
8,u,10_11,-11403.942975362143,1158.9972459745932,-11273.816466649374,2163.567728842228,817.2749233245851,0.4392789402144189,0.6484374997773068,0.18033854166666663,3.121831409002275e-22,6.707198372220299
8,u,12_13,-11403.942975362143,1158.9972459745932,-11516.005357424418,1597.0918456735556,397.559058825175,0.533808869522118,0.6562499998327139,0.171875,3.185956266219126e-20,5.987855690072842
8,u,17_18,-11403.942975362143,1158.9972459745932,-11253.732315699259,997.1832719914213,223.29983711242676,1.1266591142723188,0.6822916665437785,0.16080729166666663,9.586875700661824e-18,5.412983715321827
8,u,19_20,-11403.942975362143,1158.9972459745932,-11107.211047490438,907.3370039625893,377.8454634348551,4.386956045076534,0.3678385416188499,0.32421875,8.322882627971922e-72,5.937128373737533
8,u,21_22,-11403.942975362143,1158.9972459745932,-10879.92967859904,843.6866461514712,586.4258448282877,10.49831627522046,0.19921874999243896,0.42643229166666663,1.1673246717568018e-125,6.375750016482829
8,u,22_23,-11403.942975362143,1158.9972459745932,-10663.521056493124,814.2547561433723,789.8707307179767,12.27585676794027,0.1328125000082927,0.4544270833333333,2.59880267201181e-143,6.67313452927701
8,u,23_24,-11403.942975362143,1158.9972459745932,-10648.867255528769,756.6538247740164,841.7669633229574,20.095288683422915,0.07812500002134881,0.49609374999999994,4.8788270341926904e-172,6.736690482446696
8,u,25_26,-11403.942975362143,1158.9972459745932,-10357.999380747477,692.4975860944667,1144.9172744750979,23.672447538824755,0.05338541669392177,0.650390625,8.588075088114212e-307,7.043960708347223
9,h,10_11,-11403.917318979898,1158.9972545933758,-11273.790784041086,2163.567745991682,817.2749546368917,0.4392789402144191,0.6484374997773065,0.18033854166666663,3.121831409002275e-22,6.707198410486541
9,h,12_13,-11403.917318979898,1158.9972545933758,-11515.979677200317,1597.0918708919075,397.5590966542563,0.5338088695221213,0.6562499998327125,0.171875,3.185956266219126e-20,5.987855784987457
9,h,17_18,-11403.917318979898,1158.9972545933758,-11253.706624031067,997.1832793623163,223.2998374303182,1.1266591142723172,0.6822916665437795,0.16080729166666663,9.586875700661824e-18,5.412983716739088
9,h,19_20,-11403.917318979898,1158.9972545933758,-11107.185355504354,907.3369991524736,377.8454761505127,4.386956045076508,0.36783854161885066,0.32421875,8.322882627971922e-72,5.937128407301766
9,h,21_22,-11403.917318979898,1158.9972545933758,-10879.903968175253,843.6866290822614,586.4259001413982,10.498316275220397,0.19921874999243955,0.42643229166666663,1.1673246717568018e-125,6.375750110644685
9,h,22_23,-11403.917318979898,1158.9972545933758,-10663.495387395224,814.2547484213545,789.8707434336344,12.27585676794021,0.13281250000829295,0.4544270833333333,2.59880267201181e-143,6.673134545355058
9,h,23_24,-11403.917318979898,1158.9972545933758,-10648.841572443644,756.6538459668772,841.7669798533124,20.095288683422922,0.07812500002134865,0.49609374999999994,4.8788270341926904e-172,6.73669050206108
9,h,25_26,-11403.917318979898,1158.9972545933758,-10357.97368812561,692.4975852978811,1144.917310714722,23.67244753882477,0.05338541669392148,0.650390625,8.588075088114212e-307,7.0439607399722135
10,g,10_11,-11405.049467722574,1159.026492579501,-11274.835410118103,2163.6066783281535,817.2957862218221,0.43987351954756515,0.6484374997773016,0.18033854166666663,3.121831409002275e-22,6.707223868090556
10,g,12_13,-11405.049467722574,1159.026492579501,-11517.071549415588,1597.1191383004893,397.5629224777221,0.5338088695221194,0.6562499998327073,0.171875,3.185956266219126e-20,5.9878653840786225
10,g,17_18,-11405.049467722574,1159.026492579501,-11254.858620643616,997.2111315598362,223.29902744293204,1.1266591142723166,0.6822916665437744,0.16080729166666663,9.586875700661824e-18,5.4129801055512345
10,g,19_20,-11405.049467722574,1159.026492579501,-11108.36801147461,907.3676491419346,377.82232666015614,4.3869560450765075,0.36783854161884794,0.32421875,8.322882627971922e-72,5.937067300071717
10,g,21_22,-11405.049467722574,1159.026492579501,-10881.113526026407,843.7159374961312,586.3705043792727,10.498316275220395,0.1992187499924381,0.42643229166666663,1.1673246717568018e-125,6.375655803644846
10,g,22_23,-11405.049467722574,1159.026492579501,-10664.73264280955,814.2952418060992,789.7849105199178,12.275856767940208,0.13281250000829198,0.4544270833333333,2.59880267201181e-143,6.673026009829533
10,g,23_24,-11405.049467722574,1159.026492579501,-10650.083494504293,756.6954444450574,841.6782693862916,20.09528868342292,0.07812500002134806,0.49609374999999994,4.8788270341926904e-172,6.736585235554034
10,g,25_26,-11405.049467722574,1159.026492579501,-10359.260918299356,692.5414290882982,1144.7941087086992,23.672447538824763,0.05338541669392109,0.650390625,8.588075088114212e-307,7.043853220321094
11,cv,10_11,29.078627580155928,2.4886216461078563,22.86598568595946,2.810458080134413,6.2126418941964685,5.419668154311266,0.22656250003985906,0.7858072916666666,0.0,1.975835305012827
11,cv,12_13,29.078627580155928,2.4886216461078563,25.910351577525336,2.547697213058775,3.168276002630592,1.172564767472196,0.5123697917063706,0.4928385416666667,1.0991904110909742e-169,1.4275025216997763
11,cv,17_18,29.078627580155928,2.4886216461078563,30.882002611955006,2.5089995589826057,1.8041914366185667,0.4822733750551882,0.7252604167063432,0.279296875,3.833896922955886e-53,1.0311152395303742
11,cv,19_20,29.078627580155928,2.4886216461078563,33.018774741639696,2.524172505686335,3.9401471614837646,2.986698617431422,0.419270833373121,0.5859375,1.1004104597877768e-244,1.597395120530166
11,cv,21_22,29.078627580155928,2.4886216461078563,35.07706379021207,2.476939516343854,5.998436210056146,5.153836871590217,0.2213541667065483,0.7812499999999999,0.0,1.9456867255347294
11,cv,22_23,29.078627580155928,2.4886216461078563,36.73081121097008,2.336677851086022,7.652183630814156,11.904820371965073,0.108723958373271,0.8977864583333333,0.0,2.157811731954137
11,cv,23_24,29.078627580155928,2.4886216461078563,37.264123694350324,2.3970288834853637,8.185496114194391,12.882913645986967,0.08463541670661617,0.9153645833333333,0.0,2.2176257307298473
11,cv,25_26,29.078627580155928,2.4886216461078563,39.89524802317222,2.1580761796298904,10.81662044301629,23.302251733564226,0.02408854170665153,0.9772135416666666,0.0,2.469507052568917
12,u0_atom,10_11,-67.87169609963894,2.830324259791958,-49.30138128747543,3.764220171293712,18.570314812163517,25.151894401007606,0.0013020833733320182,0.9993489583333333,0.0,2.9740138677458203
12,u0_atom,12_13,-67.87169609963894,2.830324259791958,-57.48884284247955,3.420039074566208,10.382853257159391,17.0945933167335,0.09765625003992115,0.9069010416666666,0.0,2.432108122856962
12,u0_atom,17_18,-67.87169609963894,2.830324259791958,-74.44877448181312,2.6127965250960106,6.577078382174175,6.82613419716137,0.22721354170653102,0.7760416666666666,0.0,2.0251276876461817
12,u0_atom,19_20,-67.87169609963894,2.830324259791958,-80.82217441499233,2.314938765977773,12.95047831535339,24.600929768217007,0.005859375039995585,0.9947916666666666,0.0,2.635513795518513
12,u0_atom,21_22,-67.87169609963894,2.830324259791958,-87.1056057959795,1.9987349686148799,19.233909696340568,25.04839169332834,4e-11,1.0,0.0,3.007359894807473
12,u0_atom,22_23,-67.87169609963894,2.830324259791958,-91.54099636773269,2.8569419520180666,23.66930026809375,25.165200041555885,4e-11,1.0,0.0,3.205559566462225
12,u0_atom,23_24,-67.87169609963894,2.830324259791958,-93.42802474399407,1.7502548009563967,25.556328644355148,25.179785849263347,4e-11,1.0,0.0,3.27926808630207
12,u0_atom,25_26,-67.87169609963894,2.830324259791958,-99.86302911241849,1.6180983597408598,31.991333012779563,25.28790965285064,4e-11,1.0,0.0,3.4962448909952353
13,u_atom,10_11,-68.25802453855674,2.8397078877909423,-49.53769778211912,3.762583131274574,18.72032675643762,25.153468335501767,0.0013020833733320169,0.9993489583333333,0.0,2.9816499188362795
13,u_atom,12_13,-68.25802453855674,2.8397078877909423,-57.78096156567335,3.422599200833922,10.477062972883385,17.11612940206549,0.09570312503992254,0.9095052083333334,0.0,2.440350519560135
13,u_atom,17_18,-68.25802453855674,2.8397078877909423,-74.89938684304555,2.6268384205563278,6.641362304488817,6.907227404137352,0.22395833337319904,0.77734375,0.0,2.0335758993885813
13,u_atom,19_20,-68.25802453855674,2.8397078877909423,-81.33142987390359,2.329641556975359,13.073405335346859,24.632010503751555,0.005859375039995583,0.9947916666666666,0.0,2.644286869940791
13,u_atom,21_22,-68.25802453855674,2.8397078877909423,-87.6719353000323,2.0134347300465882,19.41391076147556,25.048896080205306,4e-11,1.0,0.0,3.0162165685342854
13,u_atom,22_23,-68.25802453855674,2.8397078877909423,-92.14718293646972,2.87972355675844,23.889158397912972,25.17299160638263,4e-11,1.0,0.0,3.2144323029477677
13,u_atom,23_24,-68.25802453855674,2.8397078877909423,-94.04993964234988,1.768161605510561,25.791915103793137,25.1850171276174,4e-11,1.0,0.0,3.288100166772085
13,u_atom,25_26,-68.25802453855674,2.8397078877909423,-100.5381787220637,1.6374674937535305,32.28015418350697,25.29778933328125,4e-11,1.0,0.0,3.5049612488601536
14,h_atom,10_11,-68.63278338561456,2.847356479297531,-49.78656727075577,3.7695099428331282,18.846216114858784,25.172770884290756,0.0006510417066660051,0.9993489583333333,0.0,2.9880133650255623
14,h_atom,12_13,-68.63278338561456,2.847356479297531,-58.080392410357796,3.4291139211970525,10.55239097525676,17.18326155734997,0.09505208337325616,0.9114583333333334,0.0,2.4468924263887555
14,h_atom,17_18,-68.63278338561456,2.847356479297531,-75.32366360227267,2.635048382546487,6.690880216658115,6.955944711363467,0.2226562500398661,0.7792968749999999,0.0,2.040035239471526
14,h_atom,19_20,-68.63278338561456,2.847356479297531,-81.80472303926945,2.337124042948713,13.171939653654894,24.53640213928478,0.005208333373329369,0.9947916666666666,0.0,2.6512639288552164
14,h_atom,21_22,-68.63278338561456,2.847356479297531,-88.19245597720146,2.0182132943580138,19.559672591586903,25.051969930864075,4e-11,1.0,0.0,3.023331515926457
14,h_atom,22_23,-68.63278338561456,2.847356479297531,-92.70289281507333,2.889718279289992,24.070109429458768,25.17609128436223,4e-11,1.0,0.0,3.2216762771171483
14,h_atom,23_24,-68.63278338561456,2.847356479297531,-94.61805365482967,1.7698571536911045,25.985270269215096,25.186306256770088,4e-11,1.0,0.0,3.295291171555567
14,h_atom,25_26,-68.63278338561456,2.847356479297531,-101.15578043460846,1.6380850562233813,32.52299704899392,25.30184775699549,4e-11,1.0,0.0,3.5122316823864863
15,g_atom,10_11,-63.28809358179569,2.725985699805406,-46.1639686798056,3.638949745056321,17.124124901990093,25.11841804882612,0.0019531250399981463,0.998046875,0.0,2.8972439183056484
15,g_atom,12_13,-63.28809358179569,2.725985699805406,-53.7578839113315,3.3168082191319326,9.530209670464197,14.218164756069484,0.11067708337324854,0.8893229166666666,0.0,2.3542482376726435
15,g_atom,17_18,-63.28809358179569,2.725985699805406,-69.30985910445452,2.5111150129377604,6.021765522658824,6.720617322326497,0.24479166670652702,0.7565104166666666,0.0,1.9490146853714077
15,g_atom,19_20,-63.28809358179569,2.725985699805406,-75.14557769397895,2.224343790467373,11.857484112183254,24.235199357100598,0.011718750039991645,0.9895833333333333,0.0,2.5539260629814153
15,g_atom,21_22,-63.28809358179569,2.725985699805406,-80.91145021716754,1.9379554041637133,17.62335663537184,25.000221283971772,0.0006510417066661377,1.0,0.0,2.924416526030293
15,g_atom,22_23,-63.28809358179569,2.725985699805406,-84.96738446752231,2.731676372863224,21.67929088572661,25.131072570235453,4e-11,1.0,0.0,3.121452212309321
15,g_atom,23_24,-63.28809358179569,2.725985699805406,-86.71499022841454,1.7153186316862117,23.426896646618836,25.140754826690554,4e-11,1.0,0.0,3.1956848467715724
15,g_atom,25_26,-63.28809358179569,2.725985699805406,-92.61921524504821,1.5905779021217936,29.33112166325251,25.26677178076281,4e-11,1.0,0.0,3.4121743029900498
16,a,10_11,3.6321020694449544,1.251741404328401,157.57779628550634,5934.452467477298,153.94724456747755,0.0006512536659998388,0.9993489525605639,0.41276041666666674,1.665227984875895e-117,5.043084701355266
16,a,12_13,3.6321020694449544,1.251741404328401,4.713647632393986,4.606143124579037,1.0845850555536605,0.12202860206004379,0.8111979167034578,0.228515625,1.4745765901324876e-35,0.7345698213218818
16,a,17_18,3.6321020694449544,1.251741404328401,3.3498177029347667,1.149017262536886,0.3014693374279887,0.24159009126413825,0.8619791667063698,0.12890625,1.5455218577127884e-11,0.2634938857650354
16,a,19_20,3.6321020694449544,1.251741404328401,3.193385204145064,1.1074591938159521,0.4508336985794205,0.15180148913323213,0.7994791667063901,0.205078125,1.1351831323573623e-28,0.37213835574123544
16,a,21_22,3.6321020694449544,1.251741404328401,2.9959173613072685,0.9620054844688168,0.6384101493749768,0.36605731653106244,0.7174479167064161,0.2890625,5.992248295993539e-57,0.4937263505307401
16,a,22_23,3.6321020694449544,1.251741404328401,3.0092688612639904,1.0577807548581206,0.6264490792527797,0.3337041516975909,0.7167968750397524,0.29036458333333326,1.8182310244228382e-57,0.4863991594954723
16,a,23_24,3.6321020694449544,1.251741404328401,2.9398756589895734,1.0012618140330554,0.6984005886285255,0.429484169702118,0.6777343750397632,0.326171875,1.0997055559190729e-72,0.5296869779851143
16,a,25_26,3.6321020694449544,1.251741404328401,2.8992906229104847,1.0734639576512812,0.7430237475006529,0.4862222042657675,0.6660156250397651,0.3515625,1.2393896872346639e-84,0.5556213909434378
17,b,10_11,1.4881250323960558,0.4560901427986556,1.9854895060998388,0.9866895544744576,0.4980840830636831,0.3190235995480333,0.6516927083731484,0.34309895833333337,1.5273560929192675e-80,0.40418701373586297
17,b,12_13,1.4881250323960558,0.4560901427986556,1.6255625966975156,0.6493558369521899,0.13938466034596764,0.05793222316351973,0.886718750039772,0.123046875,1.509415606392794e-10,0.13048834505091295
17,b,17_18,1.4881250323960558,0.4560901427986556,1.4294525894996088,0.408825590270088,0.058672442896446825,0.12087421987975402,0.9264322917065708,0.05729166666666674,0.01291148649841945,0.057015710838337154
17,b,19_20,1.4881250323960558,0.4560901427986556,1.3399368809380878,0.38542053200584386,0.14818815145796788,0.4305660159692788,0.8652343750399104,0.13541666666666669,1.0833202641006953e-12,0.1381851794662866
17,b,21_22,1.4881250323960558,0.4560901427986556,1.2729354431891504,0.3545914806959177,0.21518958920690545,0.8085531034042212,0.806640625039917,0.19921875,4.537938497365285e-27,0.19490010511897
17,b,22_23,1.4881250323960558,0.4560901427986556,1.1810213606028508,0.3412740712081101,0.30710367179320497,1.0048156225281626,0.7122395833732591,0.30078125,1.0642808832486654e-61,0.2678137519196496
17,b,23_24,1.4881250323960558,0.4560901427986556,1.1682498120159532,0.33276009066331247,0.3198752203801025,1.6020059759724368,0.6979166667065941,0.31119791666666663,4.318737621740999e-66,0.2775372021149622
17,b,25_26,1.4881250323960558,0.4560901427986556,1.041389290126972,0.30611044902096735,0.4467357422690838,3.421520887890108,0.5735677083732732,0.43619791666666663,1.1387219441540403e-131,0.36930980641656885
18,c,10_11,1.165347578023405,0.33945373105270293,1.4423979770896647,0.6886000872450346,0.2774578471047183,0.2002600846824109,0.7454427083732027,0.24283854166666669,3.804648331666345e-40,0.2448720461558056
18,c,12_13,1.165347578023405,0.33945373105270293,1.2066567713045515,0.45814331336108316,0.04730769576660054,0.06424545653014944,0.8899739583732013,0.041015625,0.15089864008004222,0.04622277196685287
18,c,17_18,1.165347578023405,0.33945373105270293,1.1537062754505314,0.3107007881363619,0.02264071531438577,0.0895148799949138,0.9108072917065917,0.03059895833333337,0.4685148263360291,0.022388218355583935
18,c,19_20,1.165347578023405,0.33945373105270293,1.100760937105709,0.28531754569515566,0.06458664091769602,0.30575897888836523,0.9029947917065924,0.06184895833333334,0.005603635232909333,0.06258659322550118
18,c,21_22,1.165347578023405,0.33945373105270293,1.0549743936668772,0.2651611106429007,0.110373184356528,0.49436653140555853,0.8613281250399294,0.11263020833333337,6.661615632083748e-09,0.1046961609439712
18,c,22_23,1.165347578023405,0.33945373105270293,0.9862795049557462,0.24869684714284673,0.17906807306765887,0.7163740370364036,0.8072916667065997,0.20572916666666663,7.484117735466195e-29,0.16472435785933406
18,c,23_24,1.165347578023405,0.33945373105270293,0.9787201890915943,0.2439268327753844,0.18662738893181086,0.8720565966344553,0.7903645833732678,0.20833333333333337,1.394873998556034e-29,0.17111515643327216
18,c,25_26,1.165347578023405,0.33945373105270293,0.8810367114104641,0.22277034944707458,0.2843108666129411,2.0863633462595486,0.6438802083732795,0.3665364583333333,3.874928642347784e-92,0.2502222839183723
